{
  "alpha": 1.0165744079780832,
  "beta": 1.0146738844802996,
  "r_squared": 0.9508179591528572
}